device_id,device_type
D00001,web
D00002,ios
D00003,ios
D00004,web
D00005,ios
D00006,web
D00007,android
D00008,android
D00009,android
D00010,web
D00011,ios
D00012,web
D00013,ios
D00014,ios
D00015,ios
D00016,web
D00017,ios
D00018,ios
D00019,ios
D00020,ios
D00021,web
D00022,ios
D00023,android
D00024,android
D00025,ios
D00026,web
D00027,ios
D00028,ios
D00029,android
D00030,android
D00031,ios
D00032,android
D00033,android
D00034,web
D00035,ios
D00036,ios
D00037,android
D00038,ios
D00039,web
D00040,web
D00041,android
D00042,android
D00043,ios
D00044,web
D00045,ios
D00046,ios
D00047,ios
D00048,web
D00049,android
D00050,web
D00051,web
D00052,web
D00053,android
D00054,web
D00055,ios
D00056,android
D00057,android
D00058,web
D00059,ios
D00060,web
D00061,web
D00062,android
D00063,web
D00064,android
D00065,android
D00066,web
D00067,android
D00068,ios
D00069,web
D00070,ios
D00071,web
D00072,web
D00073,ios
D00074,web
D00075,android
D00076,android
D00077,android
D00078,android
D00079,ios
D00080,android
D00081,ios
D00082,web
D00083,ios
D00084,android
D00085,web
D00086,ios
D00087,web
D00088,web
D00089,ios
D00090,web
D00091,android
D00092,web
D00093,ios
D00094,ios
D00095,android
D00096,ios
D00097,android
D00098,ios
D00099,ios
D00100,ios
D00101,ios
D00102,web
D00103,ios
D00104,ios
D00105,android
D00106,web
D00107,android
D00108,ios
D00109,web
D00110,web
D00111,web
D00112,ios
D00113,web
D00114,ios
D00115,web
D00116,android
D00117,web
D00118,ios
D00119,ios
D00120,web
D00121,web
D00122,android
D00123,ios
D00124,android
D00125,ios
D00126,android
D00127,ios
D00128,android
D00129,android
D00130,android
D00131,android
D00132,web
D00133,web
D00134,android
D00135,ios
D00136,web
D00137,web
D00138,android
D00139,web
D00140,ios
D00141,android
D00142,android
D00143,ios
D00144,ios
D00145,web
D00146,ios
D00147,ios
D00148,web
D00149,android
D00150,web
D00151,web
D00152,ios
D00153,web
D00154,android
D00155,web
D00156,ios
D00157,ios
D00158,ios
D00159,android
D00160,web
D00161,android
D00162,web
D00163,web
D00164,android
D00165,web
D00166,ios
D00167,ios
D00168,web
D00169,web
D00170,android
D00171,android
D00172,android
D00173,android
D00174,ios
D00175,web
D00176,ios
D00177,web
D00178,android
D00179,web
D00180,web
D00181,web
D00182,web
D00183,ios
D00184,web
D00185,android
D00186,android
D00187,web
D00188,android
D00189,ios
D00190,ios
D00191,ios
D00192,ios
D00193,android
D00194,web
D00195,web
D00196,ios
D00197,ios
D00198,ios
D00199,ios
D00200,android
D00201,android
D00202,android
D00203,ios
D00204,web
D00205,ios
D00206,android
D00207,ios
D00208,android
D00209,android
D00210,android
D00211,android
D00212,android
D00213,web
D00214,web
D00215,android
D00216,ios
D00217,web
D00218,web
D00219,web
D00220,android
D00221,android
D00222,android
D00223,web
D00224,ios
D00225,ios
D00226,web
D00227,android
D00228,ios
D00229,ios
D00230,ios
D00231,web
D00232,web
D00233,android
D00234,android
D00235,ios
D00236,ios
D00237,web
D00238,android
D00239,ios
D00240,android
D00241,web
D00242,ios
D00243,ios
D00244,ios
D00245,android
D00246,ios
D00247,ios
D00248,android
D00249,web
D00250,android
D00251,android
D00252,android
D00253,ios
D00254,android
D00255,ios
D00256,ios
D00257,ios
D00258,ios
D00259,ios
D00260,ios
D00261,android
D00262,ios
D00263,android
D00264,android
D00265,web
D00266,ios
D00267,android
D00268,ios
D00269,android
D00270,ios
D00271,android
D00272,android
D00273,web
D00274,web
D00275,ios
D00276,web
D00277,web
D00278,ios
D00279,web
D00280,web
D00281,ios
D00282,ios
D00283,web
D00284,android
D00285,web
D00286,android
D00287,ios
D00288,web
D00289,ios
D00290,ios
D00291,ios
D00292,android
D00293,ios
D00294,web
D00295,android
D00296,android
D00297,android
D00298,web
D00299,ios
D00300,android
D00301,android
D00302,web
D00303,ios
D00304,ios
D00305,android
D00306,web
D00307,web
D00308,android
D00309,ios
D00310,ios
D00311,web
D00312,ios
D00313,web
D00314,ios
D00315,ios
D00316,android
D00317,android
D00318,web
D00319,web
D00320,android
D00321,web
D00322,android
D00323,ios
D00324,ios
D00325,android
D00326,android
D00327,android
D00328,ios
D00329,ios
D00330,ios
D00331,ios
D00332,web
D00333,web
D00334,web
D00335,android
D00336,ios
D00337,web
D00338,ios
D00339,ios
D00340,web
D00341,android
D00342,android
D00343,ios
D00344,android
D00345,android
D00346,ios
D00347,web
D00348,web
D00349,ios
D00350,web
D00351,web
D00352,ios
D00353,web
D00354,ios
D00355,android
D00356,android
D00357,android
D00358,web
D00359,android
D00360,ios
D00361,android
D00362,web
D00363,ios
D00364,ios
D00365,android
D00366,ios
D00367,ios
D00368,web
D00369,ios
D00370,ios
D00371,android
D00372,web
D00373,android
D00374,android
D00375,web
D00376,web
D00377,ios
D00378,web
D00379,android
D00380,android
D00381,android
D00382,web
D00383,web
D00384,web
D00385,ios
D00386,android
D00387,android
D00388,ios
D00389,android
D00390,web
D00391,android
D00392,ios
D00393,android
D00394,android
D00395,ios
D00396,android
D00397,ios
D00398,ios
D00399,web
D00400,ios
D00401,android
D00402,web
D00403,android
D00404,android
D00405,ios
D00406,web
D00407,android
D00408,web
D00409,ios
D00410,android
D00411,android
D00412,web
D00413,web
D00414,ios
D00415,web
D00416,web
D00417,ios
D00418,ios
D00419,ios
D00420,android
D00421,ios
D00422,ios
D00423,android
D00424,ios
D00425,web
D00426,web
D00427,web
D00428,android
D00429,android
D00430,ios
D00431,web
D00432,web
D00433,android
D00434,android
D00435,web
D00436,android
D00437,ios
D00438,ios
D00439,android
D00440,web
D00441,web
D00442,android
D00443,android
D00444,ios
D00445,android
D00446,android
D00447,android
D00448,android
D00449,android
D00450,android
D00451,web
D00452,ios
D00453,ios
D00454,web
D00455,web
D00456,ios
D00457,web
D00458,android
D00459,web
D00460,ios
D00461,android
D00462,android
D00463,ios
D00464,web
D00465,android
D00466,android
D00467,ios
D00468,android
D00469,android
D00470,ios
D00471,ios
D00472,ios
D00473,android
D00474,android
D00475,ios
D00476,android
D00477,ios
D00478,ios
D00479,web
D00480,web
D00481,web
D00482,android
D00483,android
D00484,android
D00485,ios
D00486,ios
D00487,android
D00488,android
D00489,web
D00490,web
D00491,android
D00492,android
D00493,android
D00494,android
D00495,ios
D00496,android
D00497,android
D00498,ios
D00499,android
D00500,web
D00501,android
D00502,android
D00503,web
D00504,android
D00505,android
D00506,ios
D00507,ios
D00508,android
D00509,web
D00510,android
D00511,android
D00512,web
D00513,web
D00514,web
D00515,android
D00516,android
D00517,android
D00518,android
D00519,ios
D00520,web
D00521,ios
D00522,android
D00523,android
D00524,web
D00525,android
D00526,android
D00527,android
D00528,web
D00529,android
D00530,ios
D00531,android
D00532,web
D00533,ios
D00534,android
D00535,android
D00536,android
D00537,android
D00538,web
D00539,web
D00540,ios
D00541,ios
D00542,ios
D00543,web
D00544,ios
D00545,ios
D00546,android
D00547,android
D00548,ios
D00549,android
D00550,web
D00551,ios
D00552,ios
D00553,ios
D00554,web
D00555,ios
D00556,ios
D00557,android
D00558,android
D00559,ios
D00560,web
D00561,web
D00562,ios
D00563,ios
D00564,android
D00565,ios
D00566,android
D00567,web
D00568,android
D00569,web
D00570,web
D00571,ios
D00572,android
D00573,ios
D00574,ios
D00575,web
D00576,web
D00577,ios
D00578,web
D00579,android
D00580,ios
D00581,web
D00582,web
D00583,web
D00584,web
D00585,web
D00586,ios
D00587,android
D00588,web
D00589,ios
D00590,android
D00591,ios
D00592,ios
D00593,android
D00594,ios
D00595,web
D00596,android
D00597,ios
D00598,ios
D00599,ios
D00600,ios
D00601,web
D00602,android
D00603,ios
D00604,ios
D00605,ios
D00606,android
D00607,ios
D00608,android
D00609,web
D00610,web
D00611,android
D00612,web
D00613,ios
D00614,ios
D00615,ios
D00616,android
D00617,ios
D00618,ios
D00619,ios
D00620,android
D00621,android
D00622,ios
D00623,web
D00624,web
D00625,ios
D00626,android
D00627,ios
D00628,ios
D00629,ios
D00630,ios
D00631,ios
D00632,web
D00633,ios
D00634,web
D00635,android
D00636,ios
D00637,android
D00638,web
D00639,web
D00640,web
D00641,web
D00642,web
D00643,ios
D00644,android
D00645,web
D00646,web
D00647,web
D00648,ios
D00649,web
D00650,android
D00651,android
D00652,ios
D00653,android
D00654,web
D00655,ios
D00656,ios
D00657,web
D00658,android
D00659,ios
D00660,android
D00661,ios
D00662,ios
D00663,android
D00664,android
D00665,web
D00666,ios
D00667,web
D00668,web
D00669,ios
D00670,android
D00671,web
D00672,web
D00673,web
D00674,android
D00675,ios
D00676,ios
D00677,android
D00678,web
D00679,ios
D00680,ios
D00681,web
D00682,ios
D00683,web
D00684,web
D00685,ios
D00686,android
D00687,web
D00688,web
D00689,android
D00690,ios
D00691,android
D00692,ios
D00693,web
D00694,web
D00695,android
D00696,ios
D00697,web
D00698,ios
D00699,web
D00700,web
D00701,android
D00702,web
D00703,web
D00704,web
D00705,web
D00706,android
D00707,ios
D00708,android
D00709,ios
D00710,android
D00711,web
D00712,web
D00713,android
D00714,android
D00715,ios
D00716,web
D00717,web
D00718,android
D00719,web
D00720,ios
D00721,android
D00722,android
D00723,android
D00724,android
D00725,ios
D00726,android
D00727,ios
D00728,android
D00729,ios
D00730,android
D00731,ios
D00732,web
D00733,android
D00734,android
D00735,android
D00736,ios
D00737,web
D00738,web
D00739,ios
D00740,ios
D00741,web
D00742,web
D00743,android
D00744,web
D00745,android
D00746,ios
D00747,web
D00748,ios
D00749,web
D00750,android
D00751,android
D00752,android
D00753,android
D00754,ios
D00755,ios
D00756,android
D00757,web
D00758,ios
D00759,ios
D00760,ios
D00761,android
D00762,ios
D00763,web
D00764,ios
D00765,android
D00766,web
D00767,web
D00768,web
D00769,android
D00770,ios
D00771,web
D00772,ios
D00773,ios
D00774,ios
D00775,android
D00776,android
D00777,web
D00778,android
D00779,ios
D00780,android
D00781,web
D00782,web
D00783,web
D00784,web
D00785,ios
D00786,android
D00787,android
D00788,ios
D00789,web
D00790,ios
D00791,web
D00792,web
D00793,android
D00794,web
D00795,android
D00796,android
D00797,web
D00798,ios
D00799,web
D00800,ios
D00801,web
D00802,ios
D00803,web
D00804,ios
D00805,android
D00806,web
D00807,ios
D00808,ios
D00809,web
D00810,android
D00811,ios
D00812,web
D00813,web
D00814,android
D00815,android
D00816,ios
D00817,android
D00818,web
D00819,android
D00820,android
D00821,android
D00822,ios
D00823,android
D00824,android
D00825,ios
D00826,web
D00827,android
D00828,android
D00829,ios
D00830,web
D00831,android
D00832,web
D00833,web
D00834,ios
D00835,web
D00836,web
D00837,android
D00838,android
D00839,android
D00840,android
D00841,android
D00842,ios
D00843,ios
D00844,android
D00845,ios
D00846,web
D00847,ios
D00848,ios
D00849,web
D00850,android
D00851,web
D00852,ios
D00853,web
D00854,android
D00855,ios
D00856,android
D00857,web
D00858,web
D00859,web
D00860,ios
D00861,android
D00862,web
D00863,android
D00864,android
D00865,ios
D00866,ios
D00867,web
D00868,android
D00869,android
D00870,android
D00871,ios
D00872,web
D00873,android
D00874,android
D00875,ios
D00876,android
D00877,ios
D00878,web
D00879,web
D00880,web
D00881,web
D00882,web
D00883,web
D00884,android
D00885,android
D00886,android
D00887,ios
D00888,web
D00889,android
D00890,android
D00891,android
D00892,web
D00893,web
D00894,ios
D00895,ios
D00896,android
D00897,ios
D00898,web
D00899,android
D00900,web
D00901,android
D00902,web
D00903,web
D00904,android
D00905,android
D00906,ios
D00907,android
D00908,android
D00909,android
D00910,ios
D00911,web
D00912,web
D00913,ios
D00914,ios
D00915,web
D00916,ios
D00917,android
D00918,android
D00919,android
D00920,ios
D00921,android
D00922,android
D00923,ios
D00924,android
D00925,web
D00926,ios
D00927,web
D00928,web
D00929,android
D00930,ios
D00931,web
D00932,android
D00933,android
D00934,web
D00935,ios
D00936,android
D00937,android
D00938,ios
D00939,ios
D00940,android
D00941,web
D00942,android
D00943,ios
D00944,android
D00945,android
D00946,android
D00947,web
D00948,android
D00949,web
D00950,web
D00951,ios
D00952,android
D00953,android
D00954,ios
D00955,ios
D00956,web
D00957,android
D00958,android
D00959,web
D00960,web
D00961,web
D00962,android
D00963,ios
D00964,android
D00965,android
D00966,android
D00967,web
D00968,ios
D00969,web
D00970,ios
D00971,ios
D00972,android
D00973,ios
D00974,web
D00975,android
D00976,web
D00977,android
D00978,ios
D00979,ios
D00980,web
D00981,ios
D00982,ios
D00983,ios
D00984,ios
D00985,ios
D00986,android
D00987,web
D00988,android
D00989,android
D00990,web
D00991,android
D00992,android
D00993,web
D00994,ios
D00995,ios
D00996,web
D00997,android
D00998,web
D00999,ios
D01000,android
D01001,web
D01002,ios
D01003,android
D01004,android
D01005,web
D01006,android
D01007,android
D01008,ios
D01009,ios
D01010,android
D01011,android
D01012,web
D01013,android
D01014,android
D01015,ios
D01016,android
D01017,ios
D01018,android
D01019,ios
D01020,web
D01021,web
D01022,ios
D01023,web
D01024,android
D01025,ios
D01026,android
D01027,ios
D01028,web
D01029,ios
D01030,ios
D01031,ios
D01032,android
D01033,ios
D01034,android
D01035,web
D01036,ios
D01037,web
D01038,ios
D01039,android
D01040,android
D01041,android
D01042,web
D01043,ios
D01044,ios
D01045,ios
D01046,web
D01047,android
D01048,web
D01049,ios
D01050,web
D01051,web
D01052,web
D01053,web
D01054,web
D01055,ios
D01056,web
D01057,web
D01058,ios
D01059,ios
D01060,ios
D01061,web
D01062,ios
D01063,web
D01064,web
D01065,web
D01066,android
D01067,android
D01068,android
D01069,ios
D01070,android
D01071,web
D01072,web
D01073,web
D01074,web
D01075,ios
D01076,ios
D01077,ios
D01078,ios
D01079,web
D01080,ios
D01081,android
D01082,ios
D01083,ios
D01084,web
D01085,ios
D01086,android
D01087,android
D01088,ios
D01089,web
D01090,web
D01091,android
D01092,ios
D01093,android
D01094,ios
D01095,ios
D01096,android
D01097,web
D01098,ios
D01099,ios
D01100,ios
D01101,android
D01102,ios
D01103,ios
D01104,android
D01105,ios
D01106,android
D01107,web
D01108,android
D01109,android
D01110,ios
D01111,web
D01112,ios
D01113,android
D01114,android
D01115,android
D01116,ios
D01117,web
D01118,web
D01119,ios
D01120,android
D01121,ios
D01122,android
D01123,web
D01124,web
D01125,ios
D01126,android
D01127,android
D01128,android
D01129,web
D01130,ios
D01131,ios
D01132,web
D01133,web
D01134,android
D01135,web
D01136,ios
D01137,android
D01138,ios
D01139,android
D01140,web
D01141,android
D01142,android
D01143,ios
D01144,ios
D01145,android
D01146,android
D01147,web
D01148,web
D01149,android
D01150,android
D01151,ios
D01152,web
D01153,android
D01154,android
D01155,android
D01156,android
D01157,web
D01158,android
D01159,android
D01160,android
D01161,web
D01162,android
D01163,ios
D01164,android
D01165,web
D01166,ios
D01167,ios
D01168,ios
D01169,android
D01170,web
D01171,android
D01172,ios
D01173,web
D01174,web
D01175,web
D01176,ios
D01177,android
D01178,android
D01179,ios
D01180,android
D01181,android
D01182,web
D01183,web
D01184,ios
D01185,ios
D01186,web
D01187,android
D01188,android
D01189,ios
D01190,android
D01191,web
D01192,android
D01193,android
D01194,ios
D01195,web
D01196,android
D01197,ios
D01198,android
D01199,ios
D01200,ios
D01201,android
D01202,android
D01203,web
D01204,web
D01205,web
D01206,android
D01207,android
D01208,ios
D01209,ios
D01210,android
D01211,web
D01212,web
D01213,web
D01214,ios
D01215,ios
D01216,web
D01217,android
D01218,web
D01219,ios
D01220,web
D01221,android
D01222,android
D01223,android
D01224,web
D01225,android
D01226,android
D01227,android
D01228,ios
D01229,android
D01230,web
D01231,ios
D01232,web
D01233,ios
D01234,android
D01235,ios
D01236,android
D01237,web
D01238,ios
D01239,android
D01240,web
D01241,android
D01242,web
D01243,ios
D01244,ios
D01245,ios
D01246,web
D01247,ios
D01248,ios
D01249,ios
D01250,web
D01251,web
D01252,android
D01253,web
D01254,android
D01255,android
D01256,android
D01257,web
D01258,web
D01259,web
D01260,web
D01261,web
D01262,android
D01263,android
D01264,ios
D01265,android
D01266,ios
D01267,ios
D01268,web
D01269,web
D01270,web
D01271,android
D01272,web
D01273,android
D01274,ios
D01275,web
D01276,web
D01277,android
D01278,web
D01279,android
D01280,android
D01281,android
D01282,web
D01283,web
D01284,web
D01285,web
D01286,ios
D01287,ios
D01288,android
D01289,web
D01290,ios
D01291,web
D01292,web
D01293,android
D01294,ios
D01295,ios
D01296,web
D01297,ios
D01298,ios
D01299,ios
D01300,ios
D01301,web
D01302,web
D01303,ios
D01304,web
D01305,android
D01306,web
D01307,ios
D01308,android
D01309,web
D01310,web
D01311,android
D01312,ios
D01313,web
D01314,ios
D01315,web
D01316,web
D01317,android
D01318,web
D01319,ios
D01320,ios
D01321,android
D01322,web
D01323,web
D01324,web
D01325,ios
D01326,android
D01327,ios
D01328,android
D01329,web
D01330,android
D01331,ios
D01332,ios
D01333,ios
D01334,ios
D01335,android
D01336,android
D01337,ios
D01338,ios
D01339,ios
D01340,ios
D01341,android
D01342,android
D01343,ios
D01344,ios
D01345,android
D01346,ios
D01347,ios
D01348,android
D01349,android
D01350,ios
D01351,web
D01352,web
D01353,android
D01354,ios
D01355,web
D01356,web
D01357,android
D01358,android
D01359,ios
D01360,android
D01361,web
D01362,android
D01363,web
D01364,ios
D01365,android
D01366,ios
D01367,web
D01368,ios
D01369,web
D01370,web
D01371,android
D01372,web
D01373,web
D01374,ios
D01375,ios
D01376,ios
D01377,ios
D01378,ios
D01379,ios
D01380,android
D01381,ios
D01382,android
D01383,web
D01384,ios
D01385,web
D01386,android
D01387,android
D01388,web
D01389,android
D01390,ios
D01391,android
D01392,android
D01393,ios
D01394,web
D01395,android
D01396,android
D01397,ios
D01398,android
D01399,ios
D01400,web
D01401,android
D01402,ios
D01403,android
D01404,web
D01405,ios
D01406,ios
D01407,android
D01408,ios
D01409,web
D01410,android
D01411,ios
D01412,web
D01413,ios
D01414,ios
D01415,ios
D01416,ios
D01417,web
D01418,android
D01419,ios
D01420,android
D01421,ios
D01422,web
D01423,ios
D01424,android
D01425,android
D01426,ios
D01427,android
D01428,ios
D01429,ios
D01430,android
D01431,android
D01432,android
D01433,android
D01434,web
D01435,android
D01436,web
D01437,ios
D01438,web
D01439,web
D01440,ios
D01441,ios
D01442,android
D01443,android
D01444,android
D01445,ios
D01446,web
D01447,web
D01448,android
D01449,web
D01450,ios
D01451,android
D01452,android
D01453,ios
D01454,android
D01455,android
D01456,web
D01457,ios
D01458,ios
D01459,android
D01460,web
D01461,web
D01462,web
D01463,android
D01464,ios
D01465,android
D01466,android
D01467,ios
D01468,ios
D01469,android
D01470,web
D01471,android
D01472,android
D01473,android
D01474,ios
D01475,android
D01476,ios
D01477,ios
D01478,web
D01479,android
D01480,android
D01481,ios
D01482,web
D01483,android
D01484,web
D01485,android
D01486,ios
D01487,ios
D01488,web
D01489,android
D01490,ios
D01491,android
D01492,ios
D01493,android
D01494,android
D01495,ios
D01496,android
D01497,android
D01498,android
D01499,android
D01500,web
D01501,android
D01502,web
D01503,android
D01504,ios
D01505,web
D01506,ios
D01507,android
D01508,android
D01509,android
D01510,android
D01511,ios
D01512,android
D01513,web
D01514,web
D01515,android
D01516,android
D01517,web
D01518,android
D01519,web
D01520,android
D01521,android
D01522,ios
D01523,web
D01524,android
D01525,ios
D01526,web
D01527,ios
D01528,android
D01529,web
D01530,android
D01531,android
D01532,android
D01533,web
D01534,android
D01535,android
D01536,web
D01537,web
D01538,web
D01539,ios
D01540,ios
D01541,android
D01542,ios
D01543,android
D01544,android
D01545,ios
D01546,ios
D01547,web
D01548,web
D01549,web
D01550,ios
D01551,web
D01552,ios
D01553,android
D01554,web
D01555,web
D01556,ios
D01557,ios
D01558,web
D01559,ios
D01560,android
D01561,web
D01562,ios
D01563,web
D01564,web
D01565,android
D01566,android
D01567,android
D01568,ios
D01569,ios
D01570,web
D01571,android
D01572,android
D01573,web
D01574,android
D01575,android
D01576,ios
D01577,web
D01578,web
D01579,ios
D01580,ios
D01581,web
D01582,android
D01583,ios
D01584,ios
D01585,ios
D01586,ios
D01587,ios
D01588,web
D01589,ios
D01590,android
D01591,ios
D01592,android
D01593,web
D01594,android
D01595,web
D01596,ios
D01597,ios
D01598,android
D01599,web
D01600,web
D01601,web
D01602,android
D01603,android
D01604,web
D01605,ios
D01606,ios
D01607,ios
D01608,ios
D01609,web
D01610,ios
D01611,ios
D01612,android
D01613,ios
D01614,android
D01615,web
D01616,ios
D01617,web
D01618,ios
D01619,android
D01620,android
D01621,android
D01622,web
D01623,android
D01624,web
D01625,android
D01626,web
D01627,web
D01628,ios
D01629,ios
D01630,web
D01631,android
D01632,ios
D01633,web
D01634,android
D01635,web
D01636,web
D01637,android
D01638,android
D01639,android
D01640,android
D01641,android
D01642,web
D01643,android
D01644,ios
D01645,ios
D01646,web
D01647,web
D01648,web
D01649,ios
D01650,android
D01651,ios
D01652,web
D01653,ios
D01654,web
D01655,ios
D01656,android
D01657,ios
D01658,android
D01659,android
D01660,android
D01661,android
D01662,web
D01663,ios
D01664,android
D01665,web
D01666,ios
D01667,web
D01668,android
D01669,android
D01670,android
D01671,ios
D01672,web
D01673,web
D01674,web
D01675,ios
D01676,web
D01677,web
D01678,ios
D01679,ios
D01680,android
D01681,ios
D01682,android
D01683,android
D01684,ios
D01685,android
D01686,web
D01687,ios
D01688,android
D01689,android
D01690,android
D01691,android
D01692,web
D01693,android
D01694,ios
D01695,ios
D01696,android
D01697,web
D01698,web
D01699,web
D01700,web
D01701,android
D01702,android
D01703,web
D01704,web
D01705,android
D01706,android
D01707,android
D01708,ios
D01709,ios
D01710,ios
D01711,web
D01712,web
D01713,web
D01714,web
D01715,ios
D01716,ios
D01717,web
D01718,android
D01719,android
D01720,ios
D01721,web
D01722,web
D01723,ios
D01724,android
D01725,ios
D01726,web
D01727,web
D01728,android
D01729,web
D01730,ios
D01731,ios
D01732,ios
D01733,web
D01734,android
D01735,ios
D01736,android
D01737,web
D01738,android
D01739,android
D01740,android
D01741,android
D01742,ios
D01743,web
D01744,android
D01745,ios
D01746,ios
D01747,android
D01748,web
D01749,ios
D01750,ios
D01751,ios
D01752,android
D01753,ios
D01754,ios
D01755,android
D01756,ios
D01757,android
D01758,android
D01759,ios
D01760,android
D01761,ios
D01762,ios
D01763,ios
D01764,android
D01765,android
D01766,ios
D01767,ios
D01768,web
D01769,ios
D01770,ios
D01771,ios
D01772,web
D01773,ios
D01774,ios
D01775,ios
D01776,web
D01777,ios
D01778,web
D01779,ios
D01780,web
D01781,ios
D01782,android
D01783,android
D01784,ios
D01785,web
D01786,ios
D01787,web
D01788,ios
D01789,android
D01790,android
D01791,ios
D01792,ios
D01793,web
D01794,android
D01795,ios
D01796,android
D01797,ios
D01798,web
D01799,android
D01800,web
D01801,ios
D01802,ios
D01803,ios
D01804,web
D01805,ios
D01806,android
D01807,android
D01808,web
D01809,android
D01810,ios
D01811,android
D01812,ios
D01813,ios
D01814,web
D01815,ios
D01816,android
D01817,web
D01818,android
D01819,web
D01820,ios
D01821,web
D01822,android
D01823,web
D01824,ios
D01825,web
D01826,android
D01827,ios
D01828,web
D01829,ios
D01830,android
D01831,android
D01832,android
D01833,web
D01834,android
D01835,ios
D01836,ios
D01837,web
D01838,ios
D01839,android
D01840,android
D01841,android
D01842,android
D01843,ios
D01844,ios
D01845,ios
D01846,web
D01847,web
D01848,web
D01849,web
D01850,web
D01851,web
D01852,android
D01853,ios
D01854,ios
D01855,ios
D01856,web
D01857,web
D01858,ios
D01859,android
D01860,ios
D01861,android
D01862,web
D01863,ios
D01864,web
D01865,web
D01866,android
D01867,ios
D01868,android
D01869,android
D01870,android
D01871,web
D01872,web
D01873,web
D01874,android
D01875,android
D01876,ios
D01877,ios
D01878,web
D01879,web
D01880,android
D01881,android
D01882,android
D01883,ios
D01884,web
D01885,web
D01886,android
D01887,web
D01888,android
D01889,web
D01890,web
D01891,web
D01892,ios
D01893,ios
D01894,android
D01895,web
D01896,ios
D01897,ios
D01898,ios
D01899,web
D01900,ios
D01901,android
D01902,ios
D01903,android
D01904,ios
D01905,web
D01906,android
D01907,web
D01908,android
D01909,web
D01910,ios
D01911,android
D01912,android
D01913,android
D01914,android
D01915,android
D01916,android
D01917,android
D01918,android
D01919,web
D01920,web
D01921,web
D01922,ios
D01923,web
D01924,ios
D01925,android
D01926,ios
D01927,ios
D01928,web
D01929,android
D01930,android
D01931,android
D01932,ios
D01933,ios
D01934,web
D01935,web
D01936,ios
D01937,android
D01938,web
D01939,android
D01940,web
D01941,web
D01942,web
D01943,ios
D01944,ios
D01945,web
D01946,web
D01947,web
D01948,android
D01949,web
D01950,android
D01951,ios
D01952,android
D01953,ios
D01954,web
D01955,web
D01956,ios
D01957,web
D01958,ios
D01959,ios
D01960,web
D01961,android
D01962,android
D01963,web
D01964,ios
D01965,ios
D01966,ios
D01967,web
D01968,web
D01969,android
D01970,android
D01971,android
D01972,android
D01973,ios
D01974,web
D01975,ios
D01976,android
D01977,web
D01978,android
D01979,ios
D01980,android
D01981,web
D01982,android
D01983,android
D01984,android
D01985,ios
D01986,ios
D01987,ios
D01988,android
D01989,ios
D01990,ios
D01991,web
D01992,web
D01993,web
D01994,web
D01995,web
D01996,android
D01997,web
D01998,android
D01999,android
D02000,web
D02001,web
D02002,web
D02003,web
D02004,web
D02005,web
D02006,web
D02007,android
D02008,ios
D02009,ios
D02010,web
D02011,android
D02012,android
D02013,ios
D02014,android
D02015,ios
D02016,android
D02017,android
D02018,ios
D02019,ios
D02020,ios
D02021,web
D02022,ios
D02023,android
D02024,web
D02025,android
D02026,ios
D02027,android
D02028,web
D02029,web
D02030,web
D02031,android
D02032,ios
D02033,web
D02034,web
D02035,android
D02036,ios
D02037,ios
D02038,ios
D02039,ios
D02040,ios
D02041,web
D02042,android
D02043,android
D02044,android
D02045,web
D02046,web
D02047,android
D02048,android
D02049,ios
D02050,web
D02051,ios
D02052,ios
D02053,ios
D02054,ios
D02055,android
D02056,ios
D02057,ios
D02058,web
D02059,ios
D02060,android
D02061,android
D02062,web
D02063,android
D02064,android
D02065,ios
D02066,web
D02067,android
D02068,ios
D02069,web
D02070,web
D02071,web
D02072,web
D02073,web
D02074,web
D02075,android
D02076,ios
D02077,web
D02078,android
D02079,ios
D02080,android
D02081,android
D02082,ios
D02083,web
D02084,ios
D02085,ios
D02086,web
D02087,ios
D02088,android
D02089,android
D02090,web
D02091,web
D02092,ios
D02093,ios
D02094,ios
D02095,ios
D02096,web
D02097,web
D02098,web
D02099,web
D02100,android
D02101,web
D02102,android
D02103,android
D02104,ios
D02105,android
D02106,ios
D02107,android
D02108,web
D02109,ios
D02110,android
D02111,ios
D02112,web
D02113,android
D02114,ios
D02115,android
D02116,ios
D02117,ios
D02118,web
D02119,web
D02120,android
D02121,web
D02122,ios
D02123,ios
D02124,ios
D02125,ios
D02126,web
D02127,android
D02128,web
D02129,ios
D02130,android
D02131,ios
D02132,android
D02133,android
D02134,web
D02135,web
D02136,web
D02137,web
D02138,android
D02139,ios
D02140,android
D02141,ios
D02142,ios
D02143,web
D02144,android
D02145,android
D02146,ios
D02147,web
D02148,ios
D02149,ios
D02150,web
D02151,android
D02152,android
D02153,web
D02154,ios
D02155,web
D02156,ios
D02157,ios
D02158,ios
D02159,web
D02160,ios
D02161,web
D02162,android
D02163,android
D02164,android
D02165,android
D02166,android
D02167,web
D02168,ios
D02169,android
D02170,android
D02171,ios
D02172,android
D02173,ios
D02174,ios
D02175,ios
D02176,web
D02177,web
D02178,web
D02179,android
D02180,ios
D02181,ios
D02182,android
D02183,web
D02184,ios
D02185,web
D02186,web
D02187,android
D02188,android
D02189,ios
D02190,android
D02191,web
D02192,ios
D02193,ios
D02194,ios
D02195,android
D02196,android
D02197,android
D02198,web
D02199,ios
D02200,android
D02201,android
D02202,web
D02203,web
D02204,ios
D02205,android
D02206,web
D02207,android
D02208,web
D02209,ios
D02210,android
D02211,web
D02212,web
D02213,android
D02214,ios
D02215,ios
D02216,ios
D02217,ios
D02218,web
D02219,android
D02220,android
D02221,web
D02222,ios
D02223,android
D02224,ios
D02225,android
D02226,web
D02227,web
D02228,ios
D02229,web
D02230,web
D02231,ios
D02232,android
D02233,android
D02234,web
D02235,android
D02236,android
D02237,ios
D02238,android
D02239,android
D02240,android
D02241,android
D02242,android
D02243,web
D02244,ios
D02245,android
D02246,android
D02247,ios
D02248,web
D02249,ios
D02250,ios
D02251,android
D02252,web
D02253,android
D02254,ios
D02255,web
D02256,web
D02257,ios
D02258,web
D02259,web
D02260,ios
D02261,ios
D02262,android
D02263,web
D02264,web
D02265,ios
D02266,android
D02267,web
D02268,web
D02269,web
D02270,web
D02271,ios
D02272,android
D02273,ios
D02274,ios
D02275,web
D02276,web
D02277,ios
D02278,ios
D02279,ios
D02280,ios
D02281,ios
D02282,ios
D02283,ios
D02284,android
D02285,web
D02286,web
D02287,web
D02288,web
D02289,ios
D02290,web
D02291,android
D02292,android
D02293,ios
D02294,ios
D02295,android
D02296,android
D02297,web
D02298,web
D02299,ios
D02300,android
D02301,android
D02302,ios
D02303,android
D02304,web
D02305,ios
D02306,web
D02307,web
D02308,ios
D02309,android
D02310,ios
D02311,web
D02312,android
D02313,web
D02314,android
D02315,android
D02316,android
D02317,web
D02318,android
D02319,ios
D02320,android
D02321,web
D02322,web
D02323,android
D02324,ios
D02325,android
D02326,ios
D02327,web
D02328,ios
D02329,ios
D02330,web
D02331,android
D02332,ios
D02333,android
D02334,android
D02335,ios
D02336,ios
D02337,web
D02338,web
D02339,android
D02340,android
D02341,ios
D02342,android
D02343,web
D02344,web
D02345,android
D02346,android
D02347,android
D02348,ios
D02349,web
D02350,android
D02351,ios
D02352,android
D02353,android
D02354,web
D02355,android
D02356,android
D02357,ios
D02358,ios
D02359,web
D02360,web
D02361,web
D02362,android
D02363,web
D02364,ios
D02365,ios
D02366,ios
D02367,web
D02368,ios
D02369,web
D02370,android
D02371,android
D02372,ios
D02373,ios
D02374,web
D02375,web
D02376,web
D02377,android
D02378,ios
D02379,ios
D02380,android
D02381,web
D02382,android
D02383,android
D02384,ios
D02385,web
D02386,ios
D02387,ios
D02388,web
D02389,android
D02390,ios
D02391,ios
D02392,android
D02393,web
D02394,web
D02395,ios
D02396,web
D02397,ios
D02398,ios
D02399,web
D02400,android
D02401,android
D02402,android
D02403,android
D02404,android
D02405,ios
D02406,web
D02407,android
D02408,web
D02409,ios
D02410,ios
D02411,ios
D02412,android
D02413,web
D02414,android
D02415,ios
D02416,ios
D02417,web
D02418,ios
D02419,ios
D02420,web
D02421,android
D02422,web
D02423,ios
D02424,web
D02425,android
D02426,ios
D02427,android
D02428,android
D02429,android
D02430,web
D02431,web
D02432,web
D02433,web
D02434,android
D02435,android
D02436,web
D02437,ios
D02438,web
D02439,android
D02440,android
D02441,ios
D02442,web
D02443,web
D02444,ios
D02445,android
D02446,ios
D02447,android
D02448,web
D02449,android
D02450,web
D02451,ios
D02452,ios
D02453,android
D02454,android
D02455,ios
D02456,android
D02457,ios
D02458,web
D02459,android
D02460,web
D02461,android
D02462,web
D02463,web
D02464,web
D02465,android
D02466,android
D02467,ios
D02468,ios
D02469,web
D02470,android
D02471,ios
D02472,web
D02473,web
D02474,android
D02475,android
D02476,android
D02477,android
D02478,android
D02479,web
D02480,android
D02481,web
D02482,android
D02483,web
D02484,web
D02485,web
D02486,android
D02487,android
D02488,web
D02489,ios
D02490,web
D02491,android
D02492,web
D02493,android
D02494,ios
D02495,web
D02496,android
D02497,android
D02498,web
D02499,web
D02500,android
D02501,ios
D02502,web
D02503,ios
D02504,android
D02505,ios
D02506,web
D02507,web
D02508,android
D02509,web
D02510,web
D02511,android
D02512,web
D02513,web
D02514,android
D02515,android
D02516,ios
D02517,web
D02518,android
D02519,web
D02520,ios
D02521,ios
D02522,ios
D02523,android
D02524,android
D02525,ios
D02526,ios
D02527,android
D02528,web
D02529,web
D02530,android
D02531,web
D02532,android
D02533,android
D02534,android
D02535,web
D02536,web
D02537,ios
D02538,web
D02539,android
D02540,ios
D02541,web
D02542,ios
D02543,ios
D02544,web
D02545,ios
D02546,ios
D02547,android
D02548,ios
D02549,web
D02550,android
D02551,android
D02552,android
D02553,android
D02554,ios
D02555,web
D02556,web
D02557,android
D02558,web
D02559,web
D02560,android
D02561,android
D02562,web
D02563,ios
D02564,ios
D02565,android
D02566,web
D02567,ios
D02568,web
D02569,web
D02570,ios
D02571,android
D02572,android
D02573,web
D02574,web
D02575,android
D02576,web
D02577,ios
D02578,android
D02579,web
D02580,ios
D02581,web
D02582,android
D02583,ios
D02584,ios
D02585,web
D02586,ios
D02587,web
D02588,android
D02589,web
D02590,android
D02591,ios
D02592,ios
D02593,ios
D02594,ios
D02595,web
D02596,android
D02597,web
D02598,ios
D02599,ios
D02600,ios
D02601,android
D02602,web
D02603,web
D02604,web
D02605,android
D02606,ios
D02607,android
D02608,ios
D02609,web
D02610,web
D02611,web
D02612,web
D02613,ios
D02614,android
D02615,android
D02616,web
D02617,web
D02618,ios
D02619,web
D02620,android
D02621,ios
D02622,ios
D02623,android
D02624,web
D02625,android
D02626,android
D02627,ios
D02628,ios
D02629,ios
D02630,ios
D02631,web
D02632,web
D02633,web
D02634,android
D02635,web
D02636,web
D02637,web
D02638,android
D02639,ios
D02640,web
D02641,ios
D02642,android
D02643,ios
D02644,ios
D02645,android
D02646,android
D02647,web
D02648,web
D02649,web
D02650,web
D02651,web
D02652,web
D02653,web
D02654,android
D02655,ios
D02656,ios
D02657,web
D02658,web
D02659,android
D02660,ios
D02661,web
D02662,web
D02663,android
D02664,android
D02665,ios
D02666,ios
D02667,web
D02668,ios
D02669,ios
D02670,ios
D02671,android
D02672,ios
D02673,ios
D02674,web
D02675,ios
D02676,ios
D02677,ios
D02678,android
D02679,web
D02680,android
D02681,web
D02682,ios
D02683,web
D02684,web
D02685,android
D02686,ios
D02687,android
D02688,android
D02689,web
D02690,ios
D02691,android
D02692,ios
D02693,android
D02694,ios
D02695,ios
D02696,ios
D02697,web
D02698,web
D02699,android
D02700,web
D02701,android
D02702,android
D02703,web
D02704,ios
D02705,ios
D02706,ios
D02707,android
D02708,web
D02709,web
D02710,ios
D02711,android
D02712,web
D02713,android
D02714,ios
D02715,web
D02716,ios
D02717,android
D02718,android
D02719,web
D02720,ios
D02721,android
D02722,android
D02723,web
D02724,web
D02725,android
D02726,ios
D02727,ios
D02728,web
D02729,web
D02730,web
D02731,android
D02732,web
D02733,ios
D02734,web
D02735,ios
D02736,ios
D02737,web
D02738,ios
D02739,android
D02740,web
D02741,android
D02742,web
D02743,android
D02744,android
D02745,web
D02746,android
D02747,android
D02748,android
D02749,android
D02750,web
D02751,android
D02752,ios
D02753,web
D02754,android
D02755,android
D02756,web
D02757,web
D02758,ios
D02759,web
D02760,android
D02761,ios
D02762,ios
D02763,android
D02764,web
D02765,android
D02766,ios
D02767,web
D02768,web
D02769,web
D02770,ios
D02771,android
D02772,android
D02773,android
D02774,android
D02775,android
D02776,ios
D02777,web
D02778,android
D02779,android
D02780,web
D02781,web
D02782,android
D02783,ios
D02784,android
D02785,android
D02786,android
D02787,ios
D02788,web
D02789,android
D02790,android
D02791,android
D02792,ios
D02793,android
D02794,ios
D02795,web
D02796,web
D02797,ios
D02798,android
D02799,ios
D02800,web
D02801,web
D02802,ios
D02803,ios
D02804,android
D02805,ios
D02806,web
D02807,web
D02808,ios
D02809,android
D02810,web
D02811,ios
D02812,ios
D02813,web
D02814,android
D02815,web
D02816,ios
D02817,ios
D02818,ios
D02819,web
D02820,web
D02821,ios
D02822,ios
D02823,web
D02824,ios
D02825,ios
D02826,android
D02827,web
D02828,ios
D02829,web
D02830,ios
D02831,android
D02832,ios
D02833,web
D02834,ios
D02835,ios
D02836,ios
D02837,android
D02838,ios
D02839,ios
D02840,web
D02841,android
D02842,ios
D02843,ios
D02844,web
D02845,ios
D02846,web
D02847,web
D02848,web
D02849,ios
D02850,ios
D02851,web
D02852,android
D02853,web
D02854,web
D02855,ios
D02856,web
D02857,android
D02858,ios
D02859,web
D02860,web
D02861,android
D02862,web
D02863,ios
D02864,web
D02865,web
D02866,ios
D02867,web
D02868,android
D02869,ios
D02870,ios
D02871,android
D02872,ios
D02873,ios
D02874,ios
D02875,web
D02876,ios
D02877,android
D02878,android
D02879,android
D02880,web
D02881,ios
D02882,ios
D02883,ios
D02884,web
D02885,ios
D02886,android
D02887,web
D02888,web
D02889,ios
D02890,android
D02891,android
D02892,web
D02893,ios
D02894,web
D02895,web
D02896,android
D02897,web
D02898,web
D02899,ios
D02900,ios
D02901,android
D02902,web
D02903,ios
D02904,web
D02905,web
D02906,ios
D02907,web
D02908,android
D02909,ios
D02910,android
D02911,web
D02912,ios
D02913,ios
D02914,android
D02915,ios
D02916,web
D02917,android
D02918,web
D02919,android
D02920,web
D02921,ios
D02922,ios
D02923,ios
D02924,android
D02925,web
D02926,android
D02927,android
D02928,ios
D02929,android
D02930,ios
D02931,android
D02932,web
D02933,android
D02934,web
D02935,android
D02936,web
D02937,ios
D02938,ios
D02939,android
D02940,web
D02941,ios
D02942,android
D02943,web
D02944,ios
D02945,ios
D02946,web
D02947,ios
D02948,web
D02949,web
D02950,web
D02951,android
D02952,android
D02953,web
D02954,android
D02955,android
D02956,ios
D02957,android
D02958,ios
D02959,web
D02960,ios
D02961,android
D02962,ios
D02963,android
D02964,web
D02965,android
D02966,web
D02967,web
D02968,web
D02969,android
D02970,ios
D02971,ios
D02972,android
D02973,web
D02974,android
D02975,web
D02976,android
D02977,ios
D02978,android
D02979,ios
D02980,android
D02981,android
D02982,android
D02983,ios
D02984,web
D02985,ios
D02986,web
D02987,web
D02988,web
D02989,web
D02990,android
D02991,android
D02992,ios
D02993,web
D02994,ios
D02995,android
D02996,android
D02997,web
D02998,web
D02999,android
D03000,android
D03001,android
D03002,android
D03003,web
D03004,ios
D03005,web
D03006,android
D03007,ios
D03008,android
D03009,ios
D03010,ios
D03011,android
D03012,ios
D03013,ios
D03014,android
D03015,web
D03016,ios
D03017,web
D03018,ios
D03019,android
D03020,web
D03021,ios
D03022,android
D03023,web
D03024,android
D03025,web
D03026,ios
D03027,ios
D03028,android
D03029,web
D03030,android
D03031,web
D03032,web
D03033,web
D03034,ios
D03035,ios
D03036,ios
D03037,ios
D03038,android
D03039,ios
D03040,web
D03041,ios
D03042,android
D03043,web
D03044,web
D03045,android
D03046,web
D03047,android
D03048,ios
D03049,android
D03050,android
D03051,ios
D03052,web
D03053,ios
D03054,ios
D03055,ios
D03056,ios
D03057,web
D03058,android
D03059,web
D03060,ios
D03061,web
D03062,android
D03063,ios
D03064,android
D03065,ios
D03066,android
D03067,web
D03068,android
D03069,ios
D03070,ios
D03071,android
D03072,android
D03073,ios
D03074,ios
D03075,ios
D03076,android
D03077,android
D03078,android
D03079,web
D03080,ios
D03081,ios
D03082,ios
D03083,ios
D03084,web
D03085,web
D03086,web
D03087,android
D03088,ios
D03089,ios
D03090,android
D03091,android
D03092,ios
D03093,android
D03094,web
D03095,ios
D03096,web
D03097,android
D03098,web
D03099,web
D03100,ios
D03101,ios
D03102,android
D03103,android
D03104,web
D03105,web
D03106,android
D03107,ios
D03108,web
D03109,android
D03110,android
D03111,web
D03112,ios
D03113,android
D03114,android
D03115,android
D03116,web
D03117,web
D03118,ios
D03119,android
D03120,ios
D03121,web
D03122,ios
D03123,android
D03124,ios
D03125,ios
D03126,android
D03127,web
D03128,ios
D03129,web
D03130,web
D03131,web
D03132,web
D03133,android
D03134,android
D03135,web
D03136,web
D03137,web
D03138,ios
D03139,ios
D03140,android
D03141,web
D03142,android
D03143,android
D03144,android
D03145,ios
D03146,android
D03147,web
D03148,web
D03149,web
D03150,android
D03151,ios
D03152,web
D03153,ios
D03154,android
D03155,web
D03156,ios
D03157,web
D03158,android
D03159,android
D03160,android
D03161,ios
D03162,web
D03163,android
D03164,ios
D03165,ios
D03166,ios
D03167,android
D03168,web
D03169,android
D03170,web
D03171,android
D03172,web
D03173,android
D03174,android
D03175,android
D03176,ios
D03177,android
D03178,ios
D03179,ios
D03180,ios
D03181,ios
D03182,ios
D03183,ios
D03184,android
D03185,web
D03186,web
D03187,android
D03188,android
D03189,web
D03190,ios
D03191,ios
D03192,web
D03193,android
D03194,web
D03195,ios
D03196,web
D03197,ios
D03198,android
D03199,android
D03200,web
D03201,web
D03202,android
D03203,web
D03204,ios
D03205,android
D03206,ios
D03207,web
D03208,ios
D03209,android
D03210,android
D03211,android
D03212,web
D03213,web
D03214,android
D03215,web
D03216,web
D03217,ios
D03218,ios
D03219,android
D03220,web
D03221,web
D03222,android
D03223,ios
D03224,android
D03225,ios
D03226,android
D03227,web
D03228,web
D03229,android
D03230,web
D03231,ios
D03232,web
D03233,android
D03234,ios
D03235,ios
D03236,android
D03237,ios
D03238,android
D03239,android
D03240,web
D03241,android
D03242,ios
D03243,android
D03244,web
D03245,web
D03246,android
D03247,web
D03248,android
D03249,web
D03250,web
D03251,ios
D03252,android
D03253,web
D03254,android
D03255,android
D03256,android
D03257,web
D03258,web
D03259,android
D03260,ios
D03261,web
D03262,android
D03263,ios
D03264,ios
D03265,android
D03266,web
D03267,ios
D03268,ios
D03269,ios
D03270,android
D03271,android
D03272,ios
D03273,android
D03274,web
D03275,web
D03276,web
D03277,ios
D03278,ios
D03279,android
D03280,ios
D03281,web
D03282,ios
D03283,ios
D03284,web
D03285,web
D03286,web
D03287,web
D03288,android
D03289,ios
D03290,android
D03291,android
D03292,ios
D03293,ios
D03294,ios
D03295,android
D03296,android
D03297,android
D03298,android
D03299,android
D03300,web
D03301,ios
D03302,web
D03303,web
D03304,android
D03305,web
D03306,ios
D03307,web
D03308,web
D03309,android
D03310,android
D03311,web
D03312,ios
D03313,web
D03314,ios
D03315,android
D03316,android
D03317,web
D03318,ios
D03319,web
D03320,ios
D03321,ios
D03322,ios
D03323,android
D03324,android
D03325,web
D03326,android
D03327,ios
D03328,android
D03329,web
D03330,web
D03331,android
D03332,ios
D03333,ios
D03334,web
D03335,web
D03336,ios
D03337,web
D03338,ios
D03339,ios
D03340,web
D03341,android
D03342,web
D03343,web
D03344,web
D03345,android
D03346,android
D03347,ios
D03348,web
D03349,web
D03350,android
D03351,android
D03352,android
D03353,android
D03354,web
D03355,web
D03356,android
D03357,ios
D03358,android
D03359,android
D03360,android
D03361,ios
D03362,android
D03363,android
D03364,android
D03365,ios
D03366,ios
D03367,android
D03368,android
D03369,web
D03370,ios
D03371,android
D03372,android
D03373,android
D03374,android
D03375,android
D03376,web
D03377,web
D03378,web
D03379,android
D03380,ios
D03381,android
D03382,android
D03383,android
D03384,web
D03385,web
D03386,android
D03387,web
D03388,web
D03389,android
D03390,web
D03391,ios
D03392,web
D03393,android
D03394,web
D03395,web
D03396,ios
D03397,android
D03398,ios
D03399,android
D03400,android
D03401,web
D03402,web
D03403,web
D03404,web
D03405,web
D03406,android
D03407,web
D03408,web
D03409,ios
D03410,android
D03411,web
D03412,ios
D03413,web
D03414,android
D03415,ios
D03416,web
D03417,web
D03418,web
D03419,web
D03420,ios
D03421,web
D03422,ios
D03423,ios
D03424,ios
D03425,android
D03426,android
D03427,android
D03428,android
D03429,ios
D03430,android
D03431,android
D03432,ios
D03433,web
D03434,web
D03435,android
D03436,android
D03437,ios
D03438,android
D03439,ios
D03440,android
D03441,ios
D03442,android
D03443,ios
D03444,web
D03445,ios
D03446,android
D03447,web
D03448,web
D03449,web
D03450,web
D03451,ios
D03452,android
D03453,android
D03454,android
D03455,ios
D03456,android
D03457,web
D03458,ios
D03459,android
D03460,android
D03461,web
D03462,android
D03463,web
D03464,ios
D03465,web
D03466,ios
D03467,ios
D03468,ios
D03469,ios
D03470,ios
D03471,web
D03472,ios
D03473,android
D03474,web
D03475,ios
D03476,ios
D03477,ios
D03478,ios
D03479,android
D03480,web
D03481,android
D03482,ios
D03483,ios
D03484,ios
D03485,android
D03486,android
D03487,ios
D03488,ios
D03489,web
D03490,web
D03491,android
D03492,web
D03493,web
D03494,web
D03495,web
D03496,ios
D03497,android
D03498,ios
D03499,android
D03500,web
D03501,ios
D03502,ios
D03503,android
D03504,android
D03505,web
D03506,ios
D03507,ios
D03508,ios
D03509,web
D03510,android
D03511,android
D03512,ios
D03513,ios
D03514,ios
D03515,android
D03516,ios
D03517,android
D03518,android
D03519,web
D03520,web
D03521,ios
D03522,web
D03523,ios
D03524,android
D03525,android
D03526,web
D03527,android
D03528,android
D03529,web
D03530,web
D03531,web
D03532,ios
D03533,web
D03534,ios
D03535,android
D03536,ios
D03537,ios
D03538,ios
D03539,ios
D03540,android
D03541,ios
D03542,ios
D03543,android
D03544,web
D03545,android
D03546,android
D03547,ios
D03548,web
D03549,android
D03550,android
D03551,ios
D03552,ios
D03553,android
D03554,web
D03555,ios
D03556,android
D03557,web
D03558,web
D03559,android
D03560,ios
D03561,android
D03562,ios
D03563,web
D03564,android
D03565,android
D03566,web
D03567,ios
D03568,web
D03569,web
D03570,ios
D03571,android
D03572,ios
D03573,ios
D03574,ios
D03575,android
D03576,ios
D03577,ios
D03578,ios
D03579,ios
D03580,web
D03581,web
D03582,ios
D03583,web
D03584,web
D03585,ios
D03586,android
D03587,android
D03588,ios
D03589,web
D03590,web
D03591,android
D03592,android
D03593,android
D03594,ios
D03595,web
D03596,android
D03597,ios
D03598,web
D03599,web
D03600,web
D03601,android
D03602,ios
D03603,web
D03604,android
D03605,web
D03606,android
D03607,ios
D03608,web
D03609,android
D03610,web
D03611,android
D03612,web
D03613,web
D03614,android
D03615,web
D03616,web
D03617,android
D03618,ios
D03619,android
D03620,ios
D03621,ios
D03622,web
D03623,android
D03624,ios
D03625,android
D03626,android
D03627,ios
D03628,android
D03629,ios
D03630,web
D03631,web
D03632,android
D03633,web
D03634,android
D03635,android
D03636,web
D03637,ios
D03638,android
D03639,android
D03640,web
D03641,android
D03642,ios
D03643,ios
D03644,android
D03645,web
D03646,android
D03647,android
D03648,android
D03649,web
D03650,android
D03651,ios
D03652,web
D03653,web
D03654,ios
D03655,web
D03656,android
D03657,ios
D03658,ios
D03659,web
D03660,ios
D03661,web
D03662,web
D03663,web
D03664,web
D03665,web
D03666,web
D03667,ios
D03668,web
D03669,ios
D03670,ios
D03671,web
D03672,web
D03673,ios
D03674,web
D03675,web
D03676,android
D03677,ios
D03678,android
D03679,android
D03680,android
D03681,ios
D03682,android
D03683,android
D03684,ios
D03685,web
D03686,ios
D03687,ios
D03688,ios
D03689,ios
D03690,web
D03691,web
D03692,android
D03693,web
D03694,web
D03695,web
D03696,web
D03697,android
D03698,android
D03699,ios
D03700,android
D03701,ios
D03702,android
D03703,web
D03704,web
D03705,web
D03706,ios
D03707,ios
D03708,android
D03709,android
D03710,ios
D03711,android
D03712,android
D03713,android
D03714,web
D03715,ios
D03716,ios
D03717,ios
D03718,ios
D03719,android
D03720,web
D03721,ios
D03722,android
D03723,ios
D03724,web
D03725,ios
D03726,web
D03727,ios
D03728,android
D03729,ios
D03730,web
D03731,web
D03732,android
D03733,android
D03734,web
D03735,android
D03736,web
D03737,web
D03738,web
D03739,web
D03740,web
D03741,web
D03742,web
D03743,android
D03744,ios
D03745,web
D03746,android
D03747,web
D03748,android
D03749,android
D03750,android
D03751,web
D03752,android
D03753,ios
D03754,android
D03755,ios
D03756,ios
D03757,ios
D03758,android
D03759,web
D03760,web
D03761,android
D03762,android
D03763,ios
D03764,android
D03765,web
D03766,android
D03767,ios
D03768,android
D03769,android
D03770,android
D03771,ios
D03772,web
D03773,web
D03774,ios
D03775,ios
D03776,web
D03777,android
D03778,android
D03779,ios
D03780,web
D03781,web
D03782,android
D03783,android
D03784,ios
D03785,web
D03786,android
D03787,web
D03788,ios
D03789,web
D03790,ios
D03791,ios
D03792,web
D03793,ios
D03794,web
D03795,android
D03796,ios
D03797,web
D03798,ios
D03799,android
D03800,web
D03801,web
D03802,web
D03803,web
D03804,android
D03805,android
D03806,ios
D03807,ios
D03808,web
D03809,android
D03810,web
D03811,web
D03812,android
D03813,android
D03814,ios
D03815,ios
D03816,android
D03817,ios
D03818,ios
D03819,android
D03820,web
D03821,web
D03822,web
D03823,android
D03824,ios
D03825,web
D03826,android
D03827,web
D03828,web
D03829,ios
D03830,ios
D03831,ios
D03832,android
D03833,android
D03834,web
D03835,android
D03836,web
D03837,android
D03838,ios
D03839,android
D03840,android
D03841,web
D03842,web
D03843,ios
D03844,android
D03845,web
D03846,web
D03847,ios
D03848,ios
D03849,ios
D03850,android
D03851,android
D03852,web
D03853,web
D03854,ios
D03855,ios
D03856,android
D03857,android
D03858,ios
D03859,ios
D03860,android
D03861,android
D03862,web
D03863,android
D03864,android
D03865,ios
D03866,web
D03867,ios
D03868,web
D03869,web
D03870,web
D03871,ios
D03872,web
D03873,android
D03874,web
D03875,web
D03876,ios
D03877,web
D03878,web
D03879,ios
D03880,ios
D03881,web
D03882,web
D03883,ios
D03884,android
D03885,web
D03886,ios
D03887,web
D03888,android
D03889,web
D03890,web
D03891,web
D03892,web
D03893,android
D03894,web
D03895,android
D03896,ios
D03897,ios
D03898,web
D03899,android
D03900,ios
D03901,web
D03902,android
D03903,ios
D03904,ios
D03905,web
D03906,android
D03907,android
D03908,android
D03909,android
D03910,web
D03911,ios
D03912,android
D03913,ios
D03914,ios
D03915,android
D03916,ios
D03917,web
D03918,android
D03919,android
D03920,ios
D03921,web
D03922,android
D03923,web
D03924,ios
D03925,android
D03926,web
D03927,android
D03928,ios
D03929,android
D03930,web
D03931,android
D03932,web
D03933,android
D03934,web
D03935,ios
D03936,android
D03937,web
D03938,web
D03939,web
D03940,web
D03941,android
D03942,android
D03943,ios
D03944,web
D03945,android
D03946,android
D03947,web
D03948,android
D03949,ios
D03950,ios
D03951,ios
D03952,android
D03953,android
D03954,web
D03955,android
D03956,web
D03957,ios
D03958,ios
D03959,ios
D03960,android
D03961,ios
D03962,web
D03963,ios
D03964,android
D03965,web
D03966,web
D03967,android
D03968,android
D03969,web
D03970,ios
D03971,android
D03972,ios
D03973,android
D03974,web
D03975,web
D03976,ios
D03977,ios
D03978,ios
D03979,ios
D03980,web
D03981,android
D03982,android
D03983,web
D03984,web
D03985,web
D03986,ios
D03987,web
D03988,android
D03989,ios
D03990,ios
D03991,ios
D03992,android
D03993,web
D03994,web
D03995,ios
D03996,android
D03997,ios
D03998,ios
D03999,ios
D04000,android
D04001,web
D04002,web
D04003,web
D04004,web
D04005,android
D04006,android
D04007,ios
D04008,android
D04009,ios
D04010,ios
D04011,web
D04012,android
D04013,ios
D04014,ios
D04015,android
D04016,web
D04017,web
D04018,web
D04019,android
D04020,web
D04021,android
D04022,ios
D04023,android
D04024,web
D04025,android
D04026,android
D04027,web
D04028,android
D04029,ios
D04030,ios
D04031,ios
D04032,web
D04033,ios
D04034,android
D04035,web
D04036,web
D04037,web
D04038,android
D04039,android
D04040,web
D04041,android
D04042,android
D04043,ios
D04044,ios
D04045,web
D04046,ios
D04047,ios
D04048,web
D04049,web
D04050,ios
D04051,web
D04052,android
D04053,android
D04054,web
D04055,ios
D04056,android
D04057,android
D04058,web
D04059,ios
D04060,android
D04061,web
D04062,ios
D04063,android
D04064,android
D04065,web
D04066,web
D04067,android
D04068,web
D04069,web
D04070,android
D04071,web
D04072,android
D04073,ios
D04074,android
D04075,ios
D04076,web
D04077,web
D04078,android
D04079,ios
D04080,android
D04081,ios
D04082,ios
D04083,web
D04084,android
D04085,web
D04086,web
D04087,android
D04088,ios
D04089,ios
D04090,android
D04091,android
D04092,ios
D04093,web
D04094,web
D04095,web
D04096,web
D04097,android
D04098,android
D04099,ios
D04100,android
D04101,ios
D04102,ios
D04103,android
D04104,web
D04105,web
D04106,ios
D04107,ios
D04108,web
D04109,ios
D04110,web
D04111,android
D04112,web
D04113,ios
D04114,ios
D04115,ios
D04116,android
D04117,ios
D04118,android
D04119,web
D04120,web
D04121,android
D04122,ios
D04123,web
D04124,android
D04125,web
D04126,ios
D04127,ios
D04128,android
D04129,ios
D04130,ios
D04131,android
D04132,ios
D04133,android
D04134,web
D04135,ios
D04136,android
D04137,web
D04138,web
D04139,web
D04140,web
D04141,ios
D04142,web
D04143,ios
D04144,ios
D04145,web
D04146,android
D04147,android
D04148,web
D04149,ios
D04150,web
D04151,ios
D04152,ios
D04153,ios
D04154,android
D04155,ios
D04156,web
D04157,android
D04158,ios
D04159,ios
D04160,ios
D04161,android
D04162,ios
D04163,ios
D04164,android
D04165,web
D04166,web
D04167,android
D04168,android
D04169,android
D04170,web
D04171,web
D04172,ios
D04173,ios
D04174,android
D04175,web
D04176,web
D04177,ios
D04178,android
D04179,ios
D04180,ios
D04181,web
D04182,web
D04183,web
D04184,web
D04185,ios
D04186,web
D04187,ios
D04188,web
D04189,ios
D04190,ios
D04191,ios
D04192,web
D04193,web
D04194,web
D04195,web
D04196,ios
D04197,ios
D04198,android
D04199,ios
D04200,web
D04201,android
D04202,ios
D04203,web
D04204,web
D04205,android
D04206,ios
D04207,web
D04208,android
D04209,android
D04210,ios
D04211,web
D04212,ios
D04213,android
D04214,android
D04215,android
D04216,android
D04217,web
D04218,ios
D04219,web
D04220,ios
D04221,android
D04222,ios
D04223,ios
D04224,ios
D04225,ios
D04226,ios
D04227,ios
D04228,web
D04229,ios
D04230,android
D04231,web
D04232,ios
D04233,android
D04234,web
D04235,web
D04236,web
D04237,ios
D04238,android
D04239,web
D04240,android
D04241,ios
D04242,ios
D04243,web
D04244,ios
D04245,ios
D04246,web
D04247,web
D04248,web
D04249,android
D04250,android
D04251,ios
D04252,web
D04253,android
D04254,ios
D04255,web
D04256,web
D04257,ios
D04258,web
D04259,web
D04260,ios
D04261,android
D04262,ios
D04263,ios
D04264,android
D04265,web
D04266,ios
D04267,ios
D04268,ios
D04269,web
D04270,web
D04271,android
D04272,ios
D04273,ios
D04274,ios
D04275,android
D04276,android
D04277,web
D04278,web
D04279,ios
D04280,android
D04281,web
D04282,ios
D04283,android
D04284,ios
D04285,web
D04286,web
D04287,web
D04288,android
D04289,ios
D04290,ios
D04291,android
D04292,ios
D04293,android
D04294,android
D04295,ios
D04296,android
D04297,web
D04298,android
D04299,web
D04300,ios
D04301,web
D04302,ios
D04303,ios
D04304,web
D04305,android
D04306,ios
D04307,ios
D04308,web
D04309,android
D04310,web
D04311,ios
D04312,android
D04313,web
D04314,web
D04315,ios
D04316,web
D04317,android
D04318,web
D04319,ios
D04320,web
D04321,android
D04322,web
D04323,ios
D04324,android
D04325,ios
D04326,web
D04327,ios
D04328,android
D04329,android
D04330,web
D04331,android
D04332,android
D04333,android
D04334,android
D04335,ios
D04336,web
D04337,web
D04338,ios
D04339,web
D04340,ios
D04341,android
D04342,web
D04343,web
D04344,android
D04345,android
D04346,ios
D04347,web
D04348,web
D04349,ios
D04350,android
D04351,web
D04352,ios
D04353,ios
D04354,ios
D04355,web
D04356,ios
D04357,ios
D04358,android
D04359,android
D04360,ios
D04361,ios
D04362,ios
D04363,android
D04364,android
D04365,android
D04366,web
D04367,ios
D04368,android
D04369,ios
D04370,ios
D04371,web
D04372,ios
D04373,android
D04374,web
D04375,web
D04376,ios
D04377,ios
D04378,web
D04379,web
D04380,ios
D04381,web
D04382,web
D04383,web
D04384,android
D04385,android
D04386,android
D04387,web
D04388,android
D04389,web
D04390,android
D04391,android
D04392,android
D04393,ios
D04394,ios
D04395,web
D04396,ios
D04397,android
D04398,ios
D04399,web
D04400,web
D04401,android
D04402,ios
D04403,android
D04404,android
D04405,ios
D04406,ios
D04407,ios
D04408,ios
D04409,ios
D04410,ios
D04411,ios
D04412,android
D04413,web
D04414,ios
D04415,android
D04416,ios
D04417,android
D04418,ios
D04419,ios
D04420,web
D04421,ios
D04422,web
D04423,android
D04424,web
D04425,web
D04426,web
D04427,web
D04428,ios
D04429,ios
D04430,ios
D04431,ios
D04432,ios
D04433,web
D04434,ios
D04435,web
D04436,ios
D04437,web
D04438,android
D04439,ios
D04440,web
D04441,web
D04442,ios
D04443,android
D04444,web
D04445,ios
D04446,android
D04447,ios
D04448,web
D04449,ios
D04450,ios
D04451,android
D04452,android
D04453,ios
D04454,ios
D04455,ios
D04456,ios
D04457,web
D04458,ios
D04459,ios
D04460,android
D04461,ios
D04462,android
D04463,android
D04464,ios
D04465,ios
D04466,ios
D04467,ios
D04468,android
D04469,ios
D04470,web
D04471,ios
D04472,ios
D04473,android
D04474,ios
D04475,android
D04476,android
D04477,ios
D04478,ios
D04479,android
D04480,web
D04481,android
D04482,android
D04483,web
D04484,web
D04485,android
D04486,android
D04487,web
D04488,web
D04489,android
D04490,web
D04491,ios
D04492,web
D04493,android
D04494,ios
D04495,ios
D04496,ios
D04497,ios
D04498,web
D04499,web
D04500,android
D04501,android
D04502,web
D04503,ios
D04504,web
D04505,ios
D04506,ios
D04507,android
D04508,web
D04509,ios
D04510,web
D04511,web
D04512,ios
D04513,ios
D04514,android
D04515,ios
D04516,android
D04517,android
D04518,web
D04519,android
D04520,ios
D04521,ios
D04522,android
D04523,web
D04524,web
D04525,web
D04526,android
D04527,android
D04528,ios
D04529,ios
D04530,android
D04531,web
D04532,web
D04533,android
D04534,android
D04535,android
D04536,web
D04537,android
D04538,ios
D04539,web
D04540,web
D04541,ios
D04542,ios
D04543,android
D04544,android
D04545,web
D04546,web
D04547,web
D04548,web
D04549,web
D04550,web
D04551,web
D04552,ios
D04553,ios
D04554,android
D04555,android
D04556,web
D04557,android
D04558,web
D04559,ios
D04560,web
D04561,android
D04562,web
D04563,ios
D04564,ios
D04565,ios
D04566,ios
D04567,android
D04568,ios
D04569,web
D04570,ios
D04571,ios
D04572,ios
D04573,ios
D04574,android
D04575,web
D04576,web
D04577,web
D04578,ios
D04579,web
D04580,ios
D04581,web
D04582,android
D04583,ios
D04584,web
D04585,ios
D04586,web
D04587,web
D04588,ios
D04589,ios
D04590,web
D04591,web
D04592,ios
D04593,web
D04594,android
D04595,web
D04596,web
D04597,android
D04598,web
D04599,ios
D04600,web
D04601,android
D04602,ios
D04603,ios
D04604,ios
D04605,web
D04606,web
D04607,ios
D04608,android
D04609,web
D04610,web
D04611,web
D04612,android
D04613,ios
D04614,web
D04615,android
D04616,web
D04617,android
D04618,web
D04619,android
D04620,android
D04621,web
D04622,android
D04623,web
D04624,web
D04625,android
D04626,ios
D04627,ios
D04628,ios
D04629,android
D04630,ios
D04631,ios
D04632,ios
D04633,web
D04634,android
D04635,web
D04636,web
D04637,ios
D04638,android
D04639,android
D04640,android
D04641,ios
D04642,android
D04643,ios
D04644,android
D04645,android
D04646,android
D04647,web
D04648,ios
D04649,ios
D04650,android
D04651,ios
D04652,ios
D04653,ios
D04654,ios
D04655,android
D04656,android
D04657,web
D04658,web
D04659,android
D04660,ios
D04661,ios
D04662,web
D04663,web
D04664,web
D04665,ios
D04666,android
D04667,ios
D04668,ios
D04669,ios
D04670,ios
D04671,android
D04672,android
D04673,android
D04674,ios
D04675,web
D04676,ios
D04677,ios
D04678,android
D04679,android
D04680,web
D04681,web
D04682,android
D04683,web
D04684,android
D04685,web
D04686,ios
D04687,web
D04688,android
D04689,ios
D04690,android
D04691,web
D04692,web
D04693,web
D04694,web
D04695,ios
D04696,ios
D04697,ios
D04698,ios
D04699,ios
D04700,ios
D04701,android
D04702,android
D04703,android
D04704,android
D04705,ios
D04706,android
D04707,web
D04708,web
D04709,android
D04710,android
D04711,android
D04712,ios
D04713,web
D04714,ios
D04715,android
D04716,ios
D04717,ios
D04718,ios
D04719,web
D04720,android
D04721,ios
D04722,android
D04723,web
D04724,web
D04725,web
D04726,ios
D04727,web
D04728,android
D04729,web
D04730,android
D04731,ios
D04732,web
D04733,web
D04734,ios
D04735,ios
D04736,web
D04737,web
D04738,android
D04739,web
D04740,web
D04741,ios
D04742,web
D04743,web
D04744,android
D04745,android
D04746,web
D04747,ios
D04748,ios
D04749,ios
D04750,web
D04751,android
D04752,ios
D04753,ios
D04754,ios
D04755,web
D04756,android
D04757,android
D04758,web
D04759,android
D04760,android
D04761,web
D04762,android
D04763,ios
D04764,web
D04765,web
D04766,android
D04767,web
D04768,web
D04769,android
D04770,web
D04771,android
D04772,android
D04773,web
D04774,android
D04775,ios
D04776,ios
D04777,android
D04778,ios
D04779,android
D04780,web
D04781,web
D04782,android
D04783,ios
D04784,android
D04785,android
D04786,web
D04787,web
D04788,ios
D04789,web
D04790,ios
D04791,web
D04792,android
D04793,android
D04794,web
D04795,web
D04796,android
D04797,android
D04798,android
D04799,web
D04800,ios
D04801,android
D04802,ios
D04803,android
D04804,ios
D04805,android
D04806,android
D04807,ios
D04808,web
D04809,ios
D04810,android
D04811,android
D04812,android
D04813,android
D04814,ios
D04815,web
D04816,ios
D04817,ios
D04818,android
D04819,android
D04820,android
D04821,ios
D04822,android
D04823,android
D04824,android
D04825,android
D04826,ios
D04827,ios
D04828,android
D04829,ios
D04830,ios
D04831,web
D04832,android
D04833,web
D04834,web
D04835,android
D04836,android
D04837,web
D04838,web
D04839,ios
D04840,ios
D04841,web
D04842,web
D04843,ios
D04844,web
D04845,ios
D04846,ios
D04847,ios
D04848,ios
D04849,web
D04850,web
D04851,ios
D04852,android
D04853,web
D04854,ios
D04855,ios
D04856,ios
D04857,android
D04858,web
D04859,web
D04860,android
D04861,web
D04862,web
D04863,android
D04864,android
D04865,ios
D04866,web
D04867,web
D04868,ios
D04869,ios
D04870,android
D04871,android
D04872,ios
D04873,ios
D04874,web
D04875,android
D04876,web
D04877,web
D04878,android
D04879,android
D04880,ios
D04881,android
D04882,web
D04883,web
D04884,ios
D04885,web
D04886,ios
D04887,web
D04888,web
D04889,android
D04890,android
D04891,android
D04892,web
D04893,web
D04894,web
D04895,web
D04896,android
D04897,android
D04898,web
D04899,ios
D04900,android
D04901,web
D04902,android
D04903,ios
D04904,web
D04905,android
D04906,ios
D04907,web
D04908,android
D04909,android
D04910,web
D04911,android
D04912,web
D04913,ios
D04914,ios
D04915,web
D04916,ios
D04917,android
D04918,web
D04919,ios
D04920,web
D04921,web
D04922,ios
D04923,android
D04924,android
D04925,web
D04926,android
D04927,web
D04928,ios
D04929,ios
D04930,web
D04931,web
D04932,android
D04933,web
D04934,android
D04935,android
D04936,ios
D04937,web
D04938,android
D04939,android
D04940,web
D04941,web
D04942,web
D04943,web
D04944,ios
D04945,ios
D04946,android
D04947,android
D04948,web
D04949,web
D04950,ios
D04951,android
D04952,web
D04953,android
D04954,android
D04955,android
D04956,android
D04957,android
D04958,web
D04959,web
D04960,ios
D04961,ios
D04962,web
D04963,ios
D04964,web
D04965,ios
D04966,web
D04967,android
D04968,ios
D04969,android
D04970,web
D04971,ios
D04972,android
D04973,android
D04974,web
D04975,ios
D04976,android
D04977,ios
D04978,ios
D04979,android
D04980,web
D04981,android
D04982,ios
D04983,web
D04984,web
D04985,web
D04986,android
D04987,web
D04988,android
D04989,web
D04990,web
D04991,ios
D04992,android
D04993,ios
D04994,android
D04995,ios
D04996,web
D04997,android
D04998,android
D04999,android
D05000,ios
